Nummer,name,EW,S1,S2,S3,S4,D1,D2,D3,D4
01011101,Stülerstraße,3114,5.78,1.39,8.22,21.27,-0.61,-0.84,0.78,2.25
01011103,Lützowstraße,5130,7.82,2.11,18.32,41.55,-1.49,-1,-0.19,2.51
01011104,Körnerstraße,4403,7.54,2.24,22.05,49.69,-2.23,-1.38,-2.56,-9.3
01011105,Nördlicher Landwehrkanal,1097,2.71,0.74,2.01,4.26,0.38,0.22,-2.01,-3.61
01011201,Wilhelmstraße,2055,5.07,1.49,8.27,28.1,-1.35,-0.41,-0.53,-1.72
01011202,Unter den Linden Nord,498,2.63,0,1.2,0,-1.31,-0.85,0.78,0
01011203,Unter den Linden Süd,932,3.13,1.19,3.33,8.51,-0.6,0.26,0.16,0.93
01011204,Leipziger Straße,6424,5.29,1.33,6.76,25.14,0.61,0.2,-0.6,1.5
01011301,Charitéviertel,5597,3.09,0.72,3.31,4.75,0.11,0.01,-0.49,-2.54
01011302,Oranienburger Straße,12137,4.8,1.05,6.42,12.07,-0.53,-0.1,-0.49,-1.66
01011303,Alexanderplatzviertel,8608,6.36,1.75,9.1,22.13,-0.64,-0.26,-0.26,-1.61
01011304,Karl-Marx-Allee,8424,7.61,2.57,12.84,39.9,0.05,0.05,0.45,-0.05
01011305,Heine-Viertel West,7075,4.85,1.27,7.56,25.32,-1.44,-0.56,-0.37,-5.99
01011306,Heine-Viertel Ost,8616,6.53,1.61,8.72,27.61,-0.61,-0.75,0.38,2.47
01011401,Invalidenstraße,15235,4.35,0.91,5.19,8.44,-0.63,-0.26,-0.25,-0.52
01011402,Arkonaplatz,12666,4.46,0.82,3.93,5.09,-0.17,-0.27,-0.48,-1.16
01022101,Huttenkiez,3390,11.28,3.97,23.33,64.31,-1.35,0.03,0.23,-6.75
01022102,Beusselkiez,6255,11.68,3.7,24.88,59.95,-1.88,-0.85,-1.44,-0.05
01022104,Emdener Straße,17806,9.97,3.25,19.01,48.67,-0.12,-0.29,-0.7,0.04
01022105,Zwinglistraße,5105,9.97,2.77,24.86,65.72,-1.51,-0.72,-0.72,0.53
01022106,Elberfelder Straße,11731,6.65,1.68,10.99,19.99,-0.48,-0.55,-0.85,-3.4
01022201,Stephankiez,10469,8.57,2.21,17.68,42.53,-1.72,-0.89,-2.08,-8.66
01022202,Heidestraße,1448,13.41,3.3,28.45,50.94,0.65,-1.21,-6.2,-15.16
01022203,Lübecker Straße,6773,10.73,3.02,25.51,55.17,-1.88,-1.44,-0.66,1.58
01022204,Thomasiusstraße,5826,6.77,1.77,11.28,21.35,-1.18,-0.91,-0.6,-2.43
01022205,Zillesiedlung,3207,9.58,2.41,25.13,45.12,-1.12,-1.19,-2.68,-8.74
01022206,Lüneburger Straße,3060,6.62,1.46,13.17,25.9,-1.72,-1.2,0.67,-3.9
01022207,Hansaviertel,5477,5.72,1.53,9.51,25.56,-0.79,-0.38,-0.12,-0.92
01033101,Soldiner Straße,25947,13.25,4.18,31.79,68.88,-2.19,-1.18,0.46,0.28
01033102,Gesundbrunnen,11586,11.23,2.91,28.53,64.12,-2.07,-1.45,0.28,-1.46
01033201,Brunnenstraße,12885,12.13,3.6,32.84,63,-1.57,-0.82,-0.4,-2.51
01033202,Humboldthain Süd,9697,10.85,2.96,23.64,54.92,-1.3,-1.05,-0.67,-2.84
01033203,Humboldthain Nordwest,13891,12.69,3.59,31.8,69.17,-2.18,-1.36,-0.62,-1.29
01044101,Rehberge,19903,10.83,3.62,20.84,53.79,-1.07,-0.26,-0.41,-0.95
01044102,Schillerpark,15792,10.41,3.13,18.43,52.51,-1.8,-0.93,0.98,0.99
01044103,Westliche Müllerstraße,8076,10.29,3.16,19.03,52.02,-1.63,-0.67,-1.18,-1.72
01044201,Reinickendorfer Straße,23103,13.66,3.94,32.45,72.09,-1.42,-1.1,0.34,0.64
01044202,Sparrplatz,16636,10.22,3.37,20.64,57.92,-0.73,-0.14,-1.62,-2.56
01044203,Leopoldplatz,15985,12.36,3.59,27.87,66.23,-1.53,-1.18,0.61,0.15
02010101,Askanischer Platz,6106,12.13,4.06,26.88,59.57,-0.68,-0.79,-2.39,-3.06
02010102,Mehringplatz,13047,14.4,5.32,33.66,64.43,-0.17,-0.22,-1.33,-4.11
02010103,Moritzplatz,15589,16.69,6.13,36.77,72.12,-1.16,-0.64,-0.8,-1.38
02010104,Wassertorplatz,5145,13.4,4.73,35.69,70.52,-2.18,-1.1,-1.62,1.21
02020202,Rathaus Yorckstraße,5726,7.74,2.63,13.38,24.28,-0.49,-0.14,0.03,-4.19
02020203,Viktoriapark,10668,6.83,1.85,11.49,24.02,-0.94,-0.56,-0.5,-1.58
02020204,Urbanstraße,12195,6.93,2.09,12.45,25.63,-1.11,-0.75,-0.36,-0.57
02020205,Chamissokiez,14837,7.16,2.07,12.26,23.94,-0.58,-0.35,-0.4,-2.16
02020206,Graefekiez,18928,8.43,2.61,17.12,36.33,-1,-0.52,-0.72,-3.32
02030301,Oranienplatz,9216,12.07,4.17,29.1,57.7,-1.15,-0.36,-0.19,-0.03
02030302,Lausitzer Platz,13282,10.97,3.53,23.36,46.31,-0.87,-0.38,-0.61,-3.99
02030401,Reichenberger Straße,15222,9.2,2.82,18.37,39.81,-0.6,-0.29,-0.34,-2.65
02030402,Wrangelkiez,11273,8.99,2.88,17.54,38.11,-0.64,-0.28,-0.59,-1.79
02040501,Barnimkiez,5410,9.62,3.14,13.55,42.52,0.21,-0.24,-0.18,-4.68
02040502,Friedenstraße,7118,7.34,2.13,10.27,30.78,-0.3,-0.14,-0.08,1.27
02040503,Richard-Sorge-Viertel,10680,5.64,1.48,7.22,15.07,-0.46,-0.24,0.08,-0.35
02040701,Andreasviertel,12266,7.13,2.08,13.69,44.24,-0.69,-0.42,0.77,0.33
02040702,Weberwiese,10677,6.17,1.5,7.51,14.5,-0.55,-0.3,0.04,0.07
02040703,Wriezener Bahnhof/Entwicklungsgebiet,855,7.76,2.64,22.92,57.14,-0.86,0.03,3.3,-3.9
02050601,Hausburgviertel,8752,8.21,2.1,9.52,22.31,-0.29,-0.4,-0.93,-3.07
02050602,Samariterviertel,19631,7.52,1.93,9.61,17.47,-0.55,-0.53,-0.78,-4.83
02050801,Traveplatz,18811,7.6,2.04,11.5,27.15,-0.74,-0.47,-0.76,-3.98
02050802,Boxhagener Platz,19841,6.1,1.55,7.77,14.27,-0.9,-0.44,-0.42,-2.53
02050803,Stralauer Kiez,6632,7.3,2.06,10.93,29.29,-0.75,-0.2,-0.78,-0.59
02050804,Stralauer Halbinsel,3500,2.82,0.7,3.37,4.45,-0.56,0.13,-0.21,-0.78
03010101,Bucher Forst,3297,7.99,2.53,9.01,16.56,-1.59,-1.09,-0.54,-4.18
03010102,Buch,11207,10.62,3.94,15.93,43.7,-0.98,-0.45,0.76,-2.95
03020203,Blankenfelde,2069,6.06,2.61,3.29,8.87,-1.27,0.19,-1.82,-2.53
03020209,Niederschönhausen,14031,4.45,1.41,5.12,8.47,-1.06,-0.33,-0.42,-0.77
03020210,Herthaplatz,10429,5,1.78,5.69,9.47,-0.56,0.3,-0.63,-1.24
03020307,Buchholz,17218,4.72,1.57,6.45,12.8,-0.96,-0.29,-0.68,-3.08
03030405,Karow Nord,10576,5.4,1.68,9.18,19.46,-0.97,-0.37,0.61,-0.25
03030406,Alt-Karow,8157,3.15,1,2.18,4.96,-0.15,-0.06,-0.2,0.5
03030711,Blankenburg,6745,3.12,1.13,2.65,4.49,-0.95,-0.35,0.23,-0.23
03030715,Heinersdorf,6583,4.35,1.62,4.03,8.88,-0.3,-0.02,0.16,-0.95
03030716,Märchenland,1128,4.02,0.89,2.22,5.94,0.98,-0.12,-0.43,5.94
03040508,Rosenthal,4587,3.91,1.27,5.65,12.28,-0.7,-0.15,-0.1,0.02
03040512,Wilhelmsruh,9520,4.98,1.78,4.97,9.62,-0.26,0.08,0.01,-0.85
03040513,Schönholz,3357,4.08,1.49,2.8,1.75,-0.74,-0.2,-1.15,-3.51
03040614,Pankow Zentrum,34233,6.38,2.07,7.69,14.11,-0.74,-0.32,-0.32,-1.43
03040818,Pankow Süd,33714,6.78,2.12,8.56,18.33,-0.89,-0.38,-0.45,-3.18
03050919,Gustav-Adolf-Straße,5320,6.61,1.97,8.65,18.57,-2.03,-0.64,-0.3,-2.91
03050920,Weißer See,7024,6.47,2.25,7.87,15.16,-1.75,-0.42,0.26,-2.13
03050923,Weißenseer Spitze,8772,8.88,3.43,9.54,17.34,-0.75,-0.2,-1.5,-4.42
03050924,Behaimstraße,5647,10.15,3.52,10.86,20.6,-1.03,0.02,-0.67,-1.36
03050925,Komponistenviertel Weißensee,8679,6.99,2.39,9.38,16.57,-0.76,-0.46,0.07,-0.65
03051017,Rennbahnstraße,4123,7.2,2.17,9.36,21.44,-0.34,-0.61,0.62,-1.72
03051021,Buschallee,6484,9.6,3.39,10.19,29.19,-0.86,-0.17,-0.29,-3.44
03051022,Hansastraße,4518,6.79,2.78,10.89,35.19,-1.6,-0.08,0.11,-1.03
03061126,Arnimplatz,14997,6.65,1.9,7.01,10.88,-1,-0.43,-0.74,-3.88
03061131,Falkplatz,10185,5.92,1.68,5.75,6.82,-0.53,-0.54,-0.32,-1.27
03061227,Humannplatz,14413,6.33,1.74,6.66,12.64,-0.26,-0.2,-0.38,-0.77
03061228,Erich-Weinert-Straße,12386,7.82,2.47,9.37,23.81,-1.79,-0.76,-0.66,-5.08
03061332,Helmholtzplatz,22245,6.29,1.89,6.92,9.94,-0.54,-0.38,-0.34,-1.74
03061429,Greifswalder Straße,10163,9.73,3.82,10.77,38.36,-1.07,0.03,0.12,-1.66
03061430,Volkspark Prenzlauer Berg,2971,14.89,4.72,11.71,30.48,1.16,-0.64,0,-0.61
03061434,Anton-Saefkow-Park,6078,7.56,2.39,8.52,15.2,-0.91,-0.16,-0.12,-0.83
03061435,Conrad-Blenkle-Straße,3925,9.93,3.52,13.07,33.64,-1.33,-0.44,0.71,-2.41
03061441,Eldenaer Straße,2342,2.18,0.41,0.81,0.6,-0.06,0.41,-0.65,-0.04
03071536,Teutoburger Platz,10661,5.22,1.42,5.56,9.66,-0.42,-0.12,-0.28,0.37
03071537,Kollwitzplatz,14511,5.11,1.48,5.47,7.7,-0.61,-0.14,0.04,0.41
03071633,Thälmannpark,2736,9.98,3.42,13.96,24.42,1.06,0.34,-0.24,-3.31
03071638,Winsstraße,16800,5.56,1.68,5.95,9.96,-0.65,-0.12,-0.26,-0.14
03071639,Bötzowstraße,12323,5.79,1.56,5.91,7.81,-0.38,-0.24,-0.29,-0.35
04010101,Jungfernheide,10339,12.75,4.97,19.48,56.17,-0.49,-0.39,-1.51,0.37
04010102,Plötzensee,772,7.95,2.71,8.16,42.42,2.53,0.01,2.98,7.64
04010103,Paul-Hertz-Siedlung,7631,12.69,4.79,24.87,55.86,0.04,-0.53,0.8,0.05
04020205,Siedlung Ruhleben,1264,3.29,0.39,1.9,6.13,0.31,-0.64,-0.84,0.87
04020206,Angerburger Allee,2570,5.03,1.89,5.41,19.46,-0.46,0.43,-0.32,1.21
04020207,Flatowallee,2624,3.36,0.85,2.71,4.95,-0.44,-0.47,-0.32,-3.36
04020208,Kranzallee,2846,3.48,1.16,3.58,5.06,-0.23,-0.16,1.05,3.51
04020209,Eichkamp,3128,0.95,0,0.83,1.57,-0.3,-0.37,0.04,0.76
04020310,Park Ruhwald,600,2.81,1.3,3.17,0,-2.32,-0.41,-1.28,-11.11
04020311,Reichsstraße,14153,4.94,1.88,5.4,12.08,-0.16,-0.1,-0.18,-0.1
04020312,Branitzer Platz,5036,4.63,1.46,4.96,7.6,-0.26,-0.31,-0.22,0.57
04020313,Königin-Elisabeth-Straße,7346,5.56,1.77,8.66,22.16,-0.95,-0.65,-0.4,-0.44
04030415,Schloßgarten,2750,11.03,4.47,19.05,49.25,0.11,0.17,-0.2,-1.6
04030416,Klausenerplatz,10276,8.31,3.01,16.37,28.45,-0.4,-0.8,-0.24,-0.93
04030417,Schloßstraße,10758,5.94,2.04,9.58,18.14,-0.43,-0.6,-0.66,-3.32
04030518,Tegeler Weg,9313,8.55,3.06,13.45,32.71,-0.12,-0.54,-0.8,-2.6
04030519,Kaiserin-Augusta-Allee,5597,8.29,3.17,14.6,44.31,-0.47,-0.51,-0.7,1.06
04030620,Alt-Lietzow,8480,7,2.65,12.55,29.56,-0.45,-0.1,-0.12,-2.61
04030621,Spreestadt,2984,7.97,3.34,14.48,37.1,-0.96,0.02,-2.14,-5.08
04030622,Richard-Wagner-Straße,10186,8.3,2.78,13.8,32.17,-0.06,-1.02,0.03,-0.27
04030623,Ernst-Reuter-Platz,4544,8.19,3.24,15.01,35.12,-0.08,-0.55,-0.45,-2.41
04030724,Lietzensee,6294,6.51,2.42,8.72,18.85,-0.41,-0.42,0.22,1.6
04030725,Amtsgerichtsplatz,11822,6.09,2.17,6.99,13.76,0.26,-0.09,-0.96,-2.83
04030726,Droysenstraße,5407,6.3,2.21,7.97,17.22,-0.21,-0.5,-1,-2.32
04030827,Karl-August-Platz,11852,7.26,2.95,11.9,28.34,-0.78,-0.42,-1.61,-6.48
04030828,Savignyplatz,9315,5.62,1.75,7.79,17.82,0.19,-0.59,-0.49,-1.3
04030929,Hindemithplatz,5838,4.68,1.78,6.75,10.14,-0.86,-0.04,-0.74,-0.85
04030930,George-Grosz-Platz,5444,3.97,1.73,5.8,11.03,-0.95,-0.31,-0.24,-2.2
04030931,Breitscheidplatz,3432,5.66,1.89,7.98,15.76,-0.13,-0.49,-0.21,-0.16
04031032,Halensee,14638,6.18,2.39,7.95,16.02,-0.35,-0.15,-0.57,-3.36
04041134,Bismarckallee,4979,4.34,1.57,5.8,8.99,-0.09,-0.38,-0.35,-1.45
04041135,Hundekehle,2762,2.42,0.81,2.28,2.19,0.29,0.01,-0.5,-2.81
04041136,Hagenplatz,2990,2.22,0.62,2.64,3.12,-1.03,-0.3,0.14,-0.33
04041137,Flinsberger Platz,7729,5.73,2.25,8.25,19.35,-0.5,-0.41,0.12,1.89
04041238,Kissinger Straße,5597,4.81,2,6.56,13.9,-0.63,-0.02,-1.02,-3.82
04041240,Messelpark,1551,2.2,0.37,0.9,0,-0.12,0.37,-0.39,-1.39
04041241,Breite Straße,6952,3.64,1.5,3.98,4.46,-0.51,0.15,-0.8,-1.67
04041342,Schlangenbader Straße,3974,5.73,2.52,9.41,21.32,-1.35,-0.79,-0.97,-3.77
04041343,Binger Straße,3540,5.45,1.88,6.27,11.48,0.19,-0.41,-1.48,-0.51
04041344,Rüdesheimer Platz,10660,4.57,1.66,6.15,12.06,-0.07,-0.03,-1.1,-3.14
04051445,Eisenzahnstraße,6116,7.52,2.76,10.48,26.24,-0.16,-0.6,0.09,2.08
04051446,Preußenpark,10449,5.19,2.04,7.39,15.41,-0.39,-0.49,0.07,0.29
04051447,Ludwigkirchplatz,5173,7.05,2.4,8.27,19.28,0.11,-0.35,-0.74,0.86
04051448,Schaperstraße,8915,6.34,2.66,7.68,18.29,-0.19,-0.02,-0.9,-2.06
04051549,Rathaus Wilmersdorf,4227,7.55,2.94,9.13,20.82,-0.15,0.23,-0.83,-0.76
04051550,Leon-Jessel-Platz,5371,6.27,2.36,9.74,22.26,-0.44,-0.43,-0.44,-2.09
04051551,Brabanter Platz,4270,6.55,2.34,10.44,23.19,-0.97,-0.86,-1.59,-5.69
04051652,Nikolsburger Platz,9490,5.64,2.02,6.69,12.09,0.37,-0.31,-1.09,-2.08
04051653,Prager Platz,6623,6.71,2.27,7.55,13.26,0.1,-0.3,-0.81,-1.41
04051654,Wilhelmsaue,2941,6.17,2.39,6.6,9.54,-0.11,-0.45,-1.78,-6.98
04051655,Babelsberger Straße,6911,6.81,2.21,10.17,19.16,-0.27,-1.01,-0.99,-3.69
04051656,Hildegardstraße,7474,5.61,1.81,6.68,13.46,-0.26,-0.29,-0.17,0.79
05010101,Hakenfelde Nord,9959,6.64,1.93,11.47,28.98,-1.12,-0.52,-0.09,-1.4
05010102,Goltzstraße,5671,8.48,2.69,13.51,41.47,-1.77,-0.87,0.98,-1.15
05010103,Amorbacher Weg,7413,6.36,2.27,8.12,20.26,-0.67,-0.31,0.12,2.61
05010204,Griesingerstraße,3142,13.21,3.85,25.05,60.42,-1.36,-0.89,-0.98,-2.45
05010205,An der Tränke,1906,2.85,1.13,3.73,11.91,-0.12,0.33,0.02,4.69
05010206,Gütersloher Weg,9945,11.78,4.03,19.19,47.28,-1.61,-0.81,0.27,-1.61
05010207,Darbystraße,11116,13.26,4.35,28.46,58.39,-1.62,-0.86,0.37,-0.23
05010208,Germersheimer Platz,7464,12.7,4.23,22.91,58.71,-1.68,-0.34,1.5,1.69
05010209,An der Kappe,6014,6.11,1.83,8.81,23.63,-0.15,-0.28,1.3,4.96
05010310,Eckschanze,3761,11.15,3.51,20.93,51.53,-2.15,-1.3,1.84,3.24
05010311,Eiswerder,5500,11.61,4.22,24.02,56.09,-2.88,-1.23,-0.06,-1.17
05010312,Kurstraße,6770,13.79,4.41,28.55,62.51,-2.04,-1.13,1.45,-0.14
05010313,Ackerstraße,6497,12.17,4.46,20.16,51.09,-0.68,-0.31,-0.63,-0.86
05010314,Carl-Schurz-Straße,11671,10.75,3.66,19.39,47.62,-2.02,-0.63,0.17,-3.47
05010339,Freiheit,448,10.98,5.49,8.26,15,0.64,1.82,-0.92,-11.32
05020415,Isenburger Weg,3900,2.39,0.52,1.77,3.85,-0.64,-0.39,-0.74,-1.65
05020416,Am Heideberg,1736,5.53,1.31,7.72,21.09,-0.96,-0.62,0.42,0.36
05020417,Staakener Straße,5709,5.17,1.66,5.62,13.77,-0.01,-0.09,1.22,2.53
05020418,Spandauer Straße,3971,7.03,2.18,8.16,14.18,-1.53,-0.44,-1.77,-4.64
05020419,Magistratsweg,6897,12.64,4.19,19.12,54.14,-0.48,-0.62,-0.18,-2.7
05020420,Werkstraße,929,4.23,0.87,5.38,10.61,-1.17,-0.62,0.77,0.88
05020521,Döberitzer Weg,2876,3.37,0.89,5.08,9.35,-0.87,-0.16,-0.18,-0.03
05020522,Pillnitzer Weg,7117,14.23,4.6,30.21,64.74,-0.83,-0.71,2.7,2.4
05020523,Maulbeerallee,11613,16.55,5.83,38.73,74.01,-1.98,-0.7,1.13,-0.66
05020524,Weinmeisterhornweg,6082,5.12,1.91,5.69,15.51,-0.39,-0.13,0.25,3.05
05020625,Borkumer Straße,7417,9.17,2.56,15.32,44.47,-1.03,-1.37,0.25,-0.6
05020626,Adamstraße,17174,10.68,3.51,17.04,43.21,-1.12,-0.52,0.02,1.62
05020627,Tiefwerder,3889,10.55,3.6,22.37,54.33,-0.05,-0.21,1.75,5.44
05020628,Graetschelsteig,1985,9.36,3.7,12.14,41.44,-0.41,0.15,-0.69,-0.52
05020629,Börnicker Straße,4370,4.28,1.11,2.84,2.93,0.06,-0.31,-0.09,-3.39
05030730,Zitadellenweg,3786,5.59,1.67,12.04,22.32,-0.98,-0.28,-0.6,-4.23
05030731,Gartenfelder Straße,11499,11.64,3.83,20.51,53.72,-1.4,-0.71,0.97,1.38
05030832,Rohrdamm,11346,9.13,2.88,17.6,43.55,-1.44,-0.79,1.42,2.73
05030833,Motardstraße,1407,2.25,0.49,3.2,5.54,-1.13,-0.4,-1.65,4
05040934,Alt-Gatow,3984,2.12,0.62,2.16,3.34,-0.49,-0.16,-0.3,-0.91
05040935,Groß-Glienicker Weg,418,9.32,2.51,6.94,0,-0.54,-0.31,-2.67,0
05040936,Jägerallee,9324,2.73,0.67,1.48,2.77,-0.1,0.21,-1.06,-2.14
05040937,Kladower Damm,2148,1.83,0.7,1.26,1.63,-0.5,-0.22,-0.6,-2.4
05040938,Kafkastraße,3565,3.11,0.73,2.58,9.57,0.24,-0.04,0.86,2.92
06010101,Fichtenberg,6820,3.4,1.15,3.27,6.78,-0.55,-0.13,0,0.87
06010102,Schloßstraße,8755,5.92,2.16,7.93,18.57,0.46,0.46,-0.56,-1.2
06010103,Markelstraße,6334,6.05,2.03,6.47,15.02,0.1,-0.23,-0.89,-2.46
06010204,Munsterdamm,6830,7.69,2.84,10.12,24.94,0.06,0.1,-1.07,-0.94
06010205,Südende,9627,7.12,2.27,8.9,21.04,-0.01,-0.49,-0.07,-0.43
06010206,Stadtpark,7638,6.48,2.46,8.08,20.77,-0.13,-0.03,-0.22,0.55
06010207,Mittelstraße,7863,6.65,2.22,8.3,21.87,0.03,-0.53,-0.79,-0.73
06010208,Bergstraße,6433,6.63,2,8.52,17.6,-0.66,-0.69,-1.18,-2.99
06010209,Feuerbachstraße,9055,6.53,2.22,8.63,20.97,-0.36,-0.17,-0.34,-1.23
06010210,Bismarckstraße,4887,7.32,2.54,9.27,22.22,-0.77,-0.72,-1.61,-2.59
06020301,Alt-Lankwitz,4985,7.14,2.63,9.25,18.62,0.32,-0.23,0.36,-0.4
06020302,Komponistenviertel Lankwitz,5391,5.44,1.83,5.4,14.98,0.15,0.15,-0.13,0.44
06020303,Lankwitz Kirche,7249,8.93,3.38,11.6,30.96,0.83,-0.17,-0.81,-2.59
06020304,Kaiser-Wilhelm-Straße,6887,7.93,2.87,10.38,26.98,-0.25,0.25,-0.85,-0.99
06020305,Gemeindepark Lankwitz,11139,8.16,2.9,12.61,33,-0.54,-0.35,-0.9,-2.96
06020306,Lankwitz Süd,6415,4.73,1.63,5.36,14.54,0.28,-0.01,-0.46,0.97
06020407,Thermometersiedlung,4824,11.62,4.28,20.34,60.57,0.09,-0.53,-0.57,-0.94
06020408,Lichterfelde Süd,6477,7.11,2.59,9.68,27.27,0.02,-0.35,0.19,0.01
06020409,Königsberger Straße,8222,5.81,2.08,5.59,14.05,-0.31,-0.32,-0.57,-0.9
06020410,Oberhofer Platz,6884,4.13,1.44,3.85,7.21,0,0.04,-0.18,1.2
06020411,Schütte-Lanz-Straße,8445,4.57,2.09,5.49,12.58,-0.36,0.01,-0.75,-2.11
06030501,Berlepschstraße,5582,3.68,1.04,3.92,10.2,-0.07,0.29,-0.22,-0.37
06030502,Zehlendorf Süd,5450,6.92,2.28,8.24,23.5,0.61,0.32,-1.63,-4.44
06030503,Zehlendorf Mitte,11272,4.81,1.64,6.09,14.31,0.04,-0.12,-0.42,0.47
06030504,Teltower Damm,10958,3.16,0.72,2.92,6.26,0.18,-0.08,0.03,-0.02
06030605,Botanischer Garten,6933,5.56,2.22,5.5,14.25,0.22,0.25,-0.38,1.59
06030606,Hindenburgdamm,5275,6.93,2.74,7.89,18.03,-0.38,-0.58,-1.48,-3.27
06030607,Goerzwerke,3241,3.46,1.02,3.58,11.14,0.19,0.05,-0.08,0.6
06030608,Schweizer Viertel,11970,3.25,1.12,2.02,2.34,-0.19,-0.05,-0.05,0.18
06030609,Augustaplatz,11847,5.27,1.86,5.28,13.04,0.16,0.09,-0.22,1.66
06030610,Lichterfelde West,8159,3.34,1.18,3.05,4.96,-0.06,-0.02,-0.13,-0.66
06040701,Wannsee,9631,2.9,0.81,2.32,3.84,0.01,0.14,-0.19,-0.18
06040702,Düppel,5360,2.73,0.78,3.26,3.65,-0.08,-0.1,-0.53,-1.27
06040703,Nikolassee,10716,2.98,0.88,2.41,4.01,0.21,0.3,-0.32,-0.3
06040804,Krumme Lanke,7483,2.78,0.87,1.43,2.46,0.24,0.05,-0.51,-0.71
06040805,Fischerhüttenstraße,5278,3.1,0.96,3.03,5.41,0.06,-0.1,-0.14,0.87
06040806,Fischtal,7227,3.24,1.12,2.68,3.59,0.13,0.35,-0.09,-0.64
06040807,Zehlendorf Eiche,5753,4.24,1.25,4.12,6.15,0.31,-0.07,-0.48,-0.43
06040808,Hüttenweg,4150,2.45,0.5,1.88,3.15,-0.21,-0.16,-0.96,-1.17
06040809,Thielallee,4969,1.49,0.2,1.57,1.84,-0.29,-0.23,0.07,0.43
06040810,Dahlem,6854,1.81,0.54,0.83,0.63,-0.07,0.06,-0.17,-0.1
07010101,Wittenbergplatz/Viktoria-Luise-Platz,9397,7.19,2.4,10.57,19.37,0.08,-0.29,0.23,-0.58
07010102,Nollendorfplatz,15450,9.22,3.27,19.3,43,-0.17,-0.13,-1.85,-5.3
07010103,Barbarossaplatz,9956,6.1,1.85,9.65,18.46,-0.53,0,-0.76,-1.79
07010104,Dennewitzplatz,13512,10.7,3.89,22.88,47.73,-0.61,-0.01,-1.47,-5.18
07020201,Bayerischer Platz,10335,6.56,2.04,8.35,18.17,-0.04,-0.05,-0.44,-0.3
07020202,Volkspark (Rudolf-Wilde-Park),9832,7.76,2.31,11.75,27.63,0.11,-0.1,-1.07,-3.38
07020203,Kaiser-Wilhelm-Platz,17298,8.34,2.83,14.41,29.69,-0.46,-0.09,-0.92,-2.71
07020204,Schöneberger Insel,11395,7.81,2.35,11.9,26.67,-0.32,-0.2,-1.07,-5.38
07030301,Friedenau,23870,4.31,1.25,5.32,9.37,-0.15,-0.12,-0.2,-0.14
07030302,Ceciliengärten,9151,5.06,1.68,6.79,11.97,-0.04,-0.13,-0.12,-1.04
07030303,Grazer Platz,12073,8.31,3.01,14.98,33.06,-0.63,-0.08,-1.5,-3.64
07040401,Neu-Tempelhof,17126,7.75,2.44,11.74,24.13,0.09,0.08,0.03,0.02
07040402,Lindenhofsiedlung,2102,9.42,3.66,14.61,41.05,-1.95,-0.05,1.04,0.29
07040403,Manteuffelstraße,23418,8.57,2.89,14.37,38.16,-0.4,-0.22,-0.06,-0.48
07040404,Marienhöhe,5057,7.58,2.78,11.21,28.22,-0.28,0.28,-0.72,-2.24
07040405,Rathaus Tempelhof,10567,9.6,3.2,15.94,43.01,0.46,-0.17,0.14,-1.33
07040406,Germaniagarten,3590,14.68,5.05,25.71,65.24,-0.84,-0.26,-0.74,-4.92
07050501,Rathausstraße,15872,9.48,3.14,15.17,41.13,-0.57,-0.16,-0.38,-2.84
07050502,Fritz-Werner-Straße,7700,10.51,3.24,13.05,35.81,0.62,0.04,0.94,3.19
07050503,Eisenacher Straße,9106,8.54,2.85,11.88,32.72,-0.37,-0.33,-0.47,-1.49
07050504,Imbrosweg,5480,9.14,3.19,12.92,29.23,0.7,0.54,-1.29,-4.41
07050505,Hundsteinweg,10460,6.2,2.09,7.93,22.72,0.41,0.17,-0.79,-2.34
07050506,Birnhornweg,2209,3.85,1.66,2.9,9.54,0.09,0.5,0.16,1.18
07060601,Marienfelder Allee Nordwest,9901,10.24,3.16,17.66,41.05,1.53,0.43,3.23,9.19
07060602,Kirchstraße,4606,4.62,1.44,4.62,10.29,0.12,0.12,-0.11,1.99
07060603,Marienfelde Nordost,2740,8.56,2.46,13.5,48.19,1.31,0.25,0.03,0.21
07060604,Marienfelde Süd,13843,9.77,3.38,16.69,43.88,-0.39,-0.06,-0.56,0.37
07070701,Kettinger Straße/Schillerstraße,10408,5.15,1.7,5.88,17.63,-0.1,0.22,-0.32,1.16
07070702,Alt-Lichtenrade/Töpchiner Weg,10151,5.3,2.07,7.34,17.06,-0.26,-0.02,0.02,1.1
07070703,John-Locke-Straße,7480,9.94,3.88,15.33,42.44,-0.79,-0.05,-0.46,0.31
07070704,Nahariyastraße,8128,12.81,4.4,23.49,59.5,0.97,-0.04,-0.15,1.88
07070705,Franziusweg/Rohrbachstraße,7008,3.86,1.48,4.08,10.21,0.06,0.19,-0.33,-0.84
07070706,Horstwalder Straße/Paplitzer Straße,3723,5.31,1.48,4.97,12.84,0.71,-0.3,-0.09,0.14
07070707,Wittelsbacherstraße,2823,3,1.23,2.94,9.85,0.21,-0.14,-0.26,3.63
08010115,Hasenheide,867,8.92,1.93,9.46,23.08,3.29,0.87,-2.14,0.07
08010116,Wissmannstraße,3524,12.49,3.87,27.04,53.27,-1.36,-0.36,0.05,-3.47
08010117,Schillerpromenade,16108,10.99,3.19,22.38,54.68,-1.52,-0.71,-1.32,-4.42
08010118,Silbersteinstraße,11773,11.75,3.87,30.74,69.14,-1.94,-0.59,-2.42,-3.12
08010211,Flughafenstraße,10204,10.41,3.18,24.04,60.83,-0.87,-0.04,-1.01,-3.92
08010212,Rollberg,7474,12.38,3.97,35.56,67.17,-1.44,-0.49,-0.77,-2.22
08010213,Körnerpark,12812,11.29,3.33,25.78,65.44,-1.61,-1.11,-0.68,0.41
08010214,Glasower Straße,8249,13.18,4.4,29.53,66.43,-1.34,-0.3,-0.77,-1.28
08010301,Reuterkiez,28139,8.67,2.52,18.8,44.55,-0.86,-0.22,-0.97,-5.56
08010302,Bouchéstraße,3780,11.51,4.11,22.86,54.61,-0.73,0.33,0.72,-4.66
08010303,Donaustraße,8552,10.57,2.79,25.5,63.47,-0.41,-0.7,-1.96,-2.16
08010404,Rixdorf,23397,10.83,3.08,24.02,57.47,-1.06,-0.74,-1.74,-4.85
08010405,Hertzbergplatz,9035,9.68,2.65,21.58,53.09,-1.58,-0.87,-1.21,-3.11
08010406,Treptower Straße Nord,7031,13.78,4.2,32.8,73.73,-1.72,-0.6,-0.2,7.18
08010407,Gewerbegebiet Ederstraße,801,11.62,2.94,17.6,52.86,0.06,-0.91,-2.92,-14.84
08010508,Weiße Siedlung,5474,15.55,5.08,41.83,72.07,-1,0.28,-0.06,-1.33
08010509,Schulenburgpark,9508,16.27,5.67,45.27,76.84,-2.44,0.33,2.25,2.07
08010510,Gewerbegebiet Köllnische Heide,383,10.06,2.6,17.23,25.93,-1.86,0.28,2.67,-17.26
08020619,Buschkrugallee Nord,10579,9.44,3.1,25.52,51.1,-2.88,-0.61,1.38,-2.31
08020620,Tempelhofer Weg,9226,10.17,3.43,22.88,59.49,-1.4,-0.47,-0.03,1.11
08020621,Mohriner Allee Nord,2318,2.33,0.58,2.2,5.1,0.16,0.39,0.18,2.56
08020622,Parchimer Allee,14195,7.79,2.13,14.58,33.88,-0.45,-0.4,-0.05,-1.4
08020623,Ortolanweg,1264,6.69,1.57,16.06,47.15,-0.54,-0.58,-0.17,5.93
08020624,Britzer Garten,1142,7.63,2.5,10.33,23.64,0.54,0.97,-4.63,-2.04
08020625,Handwerker-Siedlung,3331,7.56,2.5,10.72,20.96,-1.06,-0.93,0.95,2.05
08020726,Buckow West,8291,4.9,1.32,8.29,20.99,-1.02,-0.39,0.82,2.09
08020727,Buckow Mitte,11436,5.98,1.73,10.48,29.53,-0.32,-0.32,-0.21,-1.28
08020728,Buckow Ost,8286,8.67,2.59,18.84,47.56,-0.47,-0.05,1.78,1.67
08030829,Gropiusstadt Nord,12327,10.53,3.36,25.81,63.77,-1.25,-0.22,1,0.15
08030830,Gropiusstadt Süd,7272,9.17,2.98,17.86,56.19,-1.17,-0.44,1,2.47
08030831,Gropiusstadt Ost,16867,10.61,3.67,23.78,52.05,-0.57,0.13,0.71,-1.41
08040932,Goldhähnchenweg,2757,6.23,2.44,14.15,37.54,-0.98,-0.2,-0.04,-6.45
08040933,Vogelviertel Süd,3941,5.13,1.58,8.88,23.46,-0.13,0.1,1.26,4.07
08040934,Vogelviertel Nord,2686,4.34,1.3,10.09,23.51,-1.47,-0.49,1.02,1.39
08041035,Blumenviertel,7847,4.11,1.21,4.21,11.13,-0.06,0.01,0.17,1.7
08041036,Zittauer Straße,6802,3.44,0.72,3.88,8.75,0.15,-0.47,-0.11,-1.35
08041037,Alt-Rudow,9632,5.97,1.85,9.43,29.6,-0.26,0.26,0.14,0.83
08041038,Waßmannsdorfer Chaussee,6690,3.38,1.13,4.54,11.23,-0.5,0.14,0.05,-0.57
08041039,Frauenviertel,3725,5.26,1.58,13.07,29.53,-1.53,-0.35,-1.66,-4.23
08041040,Waltersdorfer Chaussee Ost,7991,4.69,1.32,9.41,22.64,-0.66,-0.2,-0.27,-0.35
09010101,Elsenstraße,11330,9.22,3.42,12.67,26.9,-1.15,-0.39,-0.3,-2.86
09010201,Am Treptower Park Süd,4252,5.44,1.88,5.79,10,-0.08,0.14,-0.48,-2.01
09010202,Köpenicker Landstraße,6722,10.89,3.92,9.91,34.38,0.85,0.07,-1.47,-4.65
09010301,Baumschulenstraße,14704,8.09,2.62,9.16,29.32,-0.59,-0.41,-0.69,-2.01
09010302,Späthsfelde,2943,2.9,1.09,2.31,5.03,-0.61,0.13,-0.56,0.32
09010401,Johannisthal West,7844,6.88,2.62,6.23,22.05,-0.4,0.06,-0.63,-1.85
09010402,Johannisthal Ost,10737,5.57,1.99,7.67,15.11,-0.59,-0.36,0.45,0.62
09020501,Oberschöneweide West,6147,13.67,5.24,17.7,41.97,-0.67,-0.5,-0.64,-4.27
09020502,Oberschöneweide Ost,14214,9.34,3.78,13.49,30.39,-0.98,-0.06,-0.86,-4.71
09020601,Schnellerstraße,7437,8.81,2.62,12.26,33.51,-0.47,-0.83,0.5,-1.48
09020602,Oberspree,3434,5.82,2.23,5.97,22.03,-0.16,0.35,-0.38,1.97
09020701,Adlershof West,508,6.79,3.51,4.92,0,-10.24,-3.08,-4.21,0
09020702,Adlershof Ost,15934,7.72,2.83,8.5,21.23,-0.58,-0.21,0.06,-0.43
09020801,Spindlersfeld,2881,5.66,2.34,7.81,16.67,-0.89,-0.07,-0.18,0.42
09020802,Köllnische Vorstadt,7268,12.12,4.46,18.96,51.32,-0.53,-0.43,-0.34,-1.77
09030901,Dorf Altglienicke,12317,3.53,1.05,3.05,7.88,-0.39,-0.04,-0.13,-0.77
09030902,Wohngebiet II,5827,14.87,5.99,23.27,56.16,-0.44,-0.48,0.89,0.19
09030903,Kölner Viertel,7800,5.93,2.43,9.29,18.58,-0.27,0.27,-1.04,-2.87
09031001,Bohnsdorf,12240,4.4,1.41,5.28,14.06,-0.17,0.11,0.06,-0.32
09031101,Grünau,5649,4.45,1.4,3.54,8.08,-0.92,-0.41,-0.16,-1.68
09031201,Karolinenhof,1764,2.78,0.86,1.13,0,-1.05,-0.29,0.11,0
09031202,Schmöckwitz/Rauchfangswerder,2351,4.37,1.19,2.68,6.14,0.99,-0.23,1.06,6.14
09041301,Kietzer Feld/Nachtheide,13933,7.14,2.65,6.68,18.99,-0.59,-0.12,-0.16,-0.55
09041302,Wendenschloß,1792,2.16,0.45,0.84,0,-0.28,-0.07,-0.51,-1.35
09041401,Allende I,4845,5.94,1.89,6.71,17.74,0.39,-0.31,-0.05,-2.65
09041402,Allende II,1480,4.33,1.41,5.81,13.9,-0.83,-0.24,-0.5,-5.76
09041501,Altstadt Kietz,7173,9.19,3.37,13.65,32.5,-1.2,-0.52,-1.33,-4.17
09041601,Müggelheim,6522,3.35,1.08,2.02,3.73,-0.63,-0.08,-0.39,-0.5
09051701,Hirschgarten,3522,4.17,0.88,4.09,8.31,-1.26,-0.54,0.42,1.51
09051702,Bölschestraße,14383,4.48,1.6,3.96,7.49,-0.45,-0.07,-0.09,-0.43
09051801,Rahnsdorf/Hessenwinkel,9041,3.92,1.15,2.37,4.28,0.37,0.2,-0.02,-0.96
09051901,Dammvorstadt,10075,6.88,2.27,7,16.52,-0.33,-0.43,-1.09,-3.55
09052001,Köpenick Nord,12300,5.96,2.12,4.56,12.18,-0.21,-0.29,-0.09,-0.43
10010101,Marzahn West,5545,11.52,3.89,25.59,55.13,-3.03,-1.59,-1.51,-4.65
10010102,Havemannstraße,17726,12.99,4.27,28.74,62.06,-2.13,-1.2,0.61,-1.33
10010204,Wuhletalstraße,10220,12.02,4.2,23.16,53.87,-2.02,-1.41,-0.88,-2.95
10010205,Marzahn Ost,8035,12.56,4.47,21.88,51.8,-0.65,-0.28,-0.24,-1.12
10010206,Ringkolonnaden,16406,10.04,3.31,17.98,50.18,-1.38,-0.97,0.56,-0.07
10010207,Marzahner Promenade,10655,10.55,3.31,19.93,53.94,-1.02,-1.04,1.03,0.63
10010308,Marzahner Chaussee,2148,6.22,1.86,5.73,10.56,0.02,-0.41,0.88,1.61
10010309,Springpfuhl,14403,9.3,3.29,15.1,43.36,-1.45,-0.7,-0.47,-2.95
10010310,Alt-Marzahn,17603,8.89,2.77,14.24,40.73,-0.58,-0.66,0.07,-1.43
10010311,Landsberger Tor,2944,3.69,0.97,6.79,13.72,-1.28,-0.88,-0.85,-4.65
10020412,Alte Hellersdorfer Straße,6617,16.58,5.23,34.35,62.49,-1.59,-1.04,0.67,-3.04
10020413,Gut Hellersdorf,14967,11.34,3.38,21.9,54.95,-1.65,-1.02,1.13,0.48
10020414,Helle Mitte,1658,9.13,2.56,22.86,51.97,-1.87,-1.77,-3.93,-10.58
10020415,Hellersdorfer Promenade,5304,15.95,5.25,32.35,70.8,-1.64,-1.2,2.61,0.97
10020416,Böhlener Straße,5406,14.7,4.09,27.28,56.23,-2.88,-2.77,0.99,-2.02
10020517,Adele-Sandrock-Straße,8786,7.1,2.23,10.96,31.68,-0.64,-0.64,-0.88,-5.41
10020518,Schleipfuhl,5045,10.43,3.1,20.34,47.85,-1.56,-1.07,0.96,3.35
10020519,Boulevard Kastanienallee,5799,15.73,5.26,32.14,61.47,-2.67,-2,0.54,-8.48
10020620,Kaulsdorf Nord II,3357,9.24,3.12,16.74,46.95,-3.35,-1.77,-0.56,-2.73
10020621,Gelbes Viertel,5915,11.67,3.37,24.4,53.27,-1.03,-0.72,2.94,3.66
10020622,Kaulsdorf Nord I,8717,8.45,2.55,14.12,43.37,-0.75,-0.73,-0.31,0.16
10020623,Rotes Viertel,6507,8.38,2.75,11.91,32.86,0.05,-0.1,0.48,1.06
10030724,Oberfeldstraße,7728,2.28,0.7,1.63,4.13,-0.66,-0.27,0.35,1.51
10030725,Buckower Ring,5810,8.07,2.8,12,22.97,-1.52,-0.7,0.52,1.1
10030726,Alt-Biesdorf,2844,3.28,0.85,1.62,2.27,-0.31,-0.33,-0.14,-1
10030727,Biesdorf Süd,9188,2.15,0.51,0.98,1.76,-0.69,-0.37,-0.19,-0.28
10040828,Kaulsdorf Nord,7609,4.41,1.47,6.01,16.06,-0.62,-0.35,0.14,-1.69
10040829,Alt-Kaulsdorf,3583,3.29,0.98,3.18,3.89,-0.63,-0.3,0.42,0.63
10040830,Kaulsdorf Süd,7426,2.31,0.69,1.99,5.92,-0.83,-0.33,0.31,2.73
10040931,Mahlsdorf Nord,9124,2.73,0.85,2.03,2.95,-0.61,-0.27,0.12,-0.01
10040932,Alt-Mahlsdorf,3905,3.61,0.93,2.77,5.75,0.02,-0.12,-0.31,0
10040933,Mahlsdorf Süd,14405,2.9,0.92,2,4.14,-0.34,-0.15,0.08,0.47
11010101,Dorf Malchow,560,10.92,2.18,11.96,0,6.47,2.18,7.31,-5.17
11010102,Dorf Wartenberg,2562,3.13,1.08,2.38,5.57,0.31,-0.06,0.41,1.27
11010103,Dorf Falkenberg,1285,3.17,1.19,2.72,7.01,-0.95,-0.12,-0.86,0.3
11010204,Falkenberg Ost,8818,12.48,5.07,24.86,56.75,-1.35,0.31,1.43,2.38
11010205,Falkenberg West,6670,10.53,3.93,22.31,51.18,-3.22,-0.79,1.64,-1.84
11010206,Wartenberg Süd,5853,9.46,3.52,18.18,50.89,-1.37,-0.16,0.67,3.65
11010207,Wartenberg Nord,6882,10.03,3.4,17.96,42.79,-1.58,-0.37,-0.37,-5.54
11010308,Zingster Straße Ost,10996,10.79,4.11,18.42,49.86,-1.45,-0.3,0.35,-2.32
11010309,Zingster Straße West,9551,11.35,4.53,23.09,54.53,-2.25,-0.21,2.11,2.31
11010310,Mühlengrund,5237,7.57,3.17,11.04,33.16,-2.42,0,-0.71,-7.9
11020411,Malchower Weg,7779,5.25,1.66,7.21,21.77,-0.17,0.01,1.17,2.73
11020412,Hauptstraße,6088,7.94,3.32,13.21,32.59,-0.45,0.14,-0.18,-1.13
11020513,Orankesee,3390,2.99,0.94,2.09,3.45,0.05,0.27,-0.07,-0.94
11020514,Große-Leege-Straße,8286,7.12,2.49,9.8,23.46,-0.6,0.12,0.72,0.76
11020515,Landsberger Allee,14317,8.96,3.11,14.24,38.99,-0.88,-0.27,0.31,-0.04
11020516,Weiße Taube,3705,2.94,0.67,3.83,10.16,0.05,-0.02,-0.01,0.65
11030617,Hohenschönhausener Straße,6124,10.95,3.79,18.62,60.14,-2.94,-0.88,0.74,-2.34
11030618,Fennpfuhl West,15750,7.87,2.83,11.83,34.47,-1.51,-0.41,0.45,-0.89
11030619,Fennpfuhl Ost,10596,10.04,3.53,16.78,48.03,-1.75,-0.38,0.33,0.61
11030720,Herzbergstraße,5128,5.54,1.58,10.35,33.14,-1.4,-0.71,-0.52,2.71
11030721,Rüdigerstraße,21946,7.56,2.76,10.37,24.68,-1.92,-0.54,-0.03,-1.75
11030824,Frankfurter Allee Süd,10004,8.4,3.05,14.63,40.28,-1.1,-0.36,-0.26,-4.04
11040925,Victoriastadt,3553,7.01,1.81,10.78,19.24,-1.14,-0.67,-0.01,-0.36
11040926,Weitlingstraße,27214,8.05,2.68,12.37,31.8,-1.99,-0.8,0.12,-0.59
11041022,Rosenfelder Ring,5088,11.67,4.58,14.68,49.56,-2.45,-0.13,2.06,6.96
11041023,Gensinger Straße,5902,10.02,3.41,18.52,44.6,-1.79,-0.87,-0.04,-4.56
11041027,Tierpark,2738,8.82,3.43,17.68,41.31,-4.74,-1.93,1.05,-3.69
11041128,Sewanstraße,24697,7.97,3.15,11.63,41.08,-1.23,0.01,0.55,0.78
11051229,Rummelsburg,3420,4.52,1.54,3.86,3.17,-0.93,-0.24,0.02,-1.12
11051330,Karlshorst West,8240,4.38,1.38,5.69,10.57,-0.55,-0.15,0.41,0.04
11051331,Karlshorst Nord,9595,4.03,1.4,3.98,5.84,-0.88,-0.03,0.2,-0.47
11051332,Karlshorst Süd,6491,3.03,0.86,3.24,3.91,-0.79,-0.26,-0.52,-1.82
12103115,Breitkopfbecken,7449,11.88,4,22.74,54.15,-1.05,0.24,-0.26,0.31
12103116,Hausotterplatz,9180,10.83,3.49,23.19,53.63,-0.69,-0.2,1.41,3.33
12103117,Letteplatz,10039,11.17,3.56,23.78,55.58,-2.01,-0.62,-0.4,-0.6
12103218,Teichstraße,13017,10.61,3.48,20.87,53.85,0.04,0.56,0.87,1.25
12103219,Schäfersee,8551,11.24,3.47,20.1,53.77,-0.24,0.03,0.15,-2.86
12103220,Humboldtstraße,4588,7.06,2.44,12.93,31.03,-2.32,-0.38,0.46,-0.83
12214125,Waldidyll/Flughafensee,7005,4.61,1.29,6.54,16.24,-0.75,-0.05,0.15,-0.61
12214126,Tegel Süd,7551,9.79,3.49,20.22,45.07,-1.39,-0.41,1.08,0.27
12214421,Reinickes Hof,2603,11.16,3.8,16.25,43.15,1.25,1.24,0.33,5.37
12214422,Klixstraße,7688,11.9,3.92,28.77,62.37,-1.43,-0.07,1.27,-0.93
12214423,Mellerbogen,5534,7.82,2.84,14.6,44.23,-2.44,0.05,0.51,2.03
12214424,Scharnweberstraße,10325,10.91,3.4,23.21,54.64,-1.25,-0.43,0.62,-2.38
12214527,Alt-Tegel,10380,5.6,1.51,7.22,17.96,-0.01,-0.35,0.29,2.08
12224229,Konradshöhe/Tegelort,6013,2.96,0.92,2.26,5.78,-0.66,-0.27,0.35,0.83
12224230,Heiligensee,17860,2.62,0.74,2.58,4.49,-0.53,-0.02,0.04,-0.48
12231101,Hermsdorf,16287,3.05,0.91,2.74,4.72,-0.1,-0.26,0.21,0.81
12231102,Frohnau,16686,2.32,0.7,2.05,3.23,-0.33,0.01,0.1,-0.07
12301203,Wittenau Süd,14476,7.23,2.21,11.29,26.28,-0.96,-0.4,0.19,-3.08
12301204,Wittenau Nord,6167,3.64,0.99,6.19,14.29,-0.58,-0.17,0.6,0.61
12301205,Waidmannslust,4825,4.32,1.33,5.1,9.46,-0.52,0.15,0.34,1.59
12301206,Lübars,4969,3.16,0.85,3.14,4.81,-0.99,-0.21,-0.13,0.22
12302107,Schorfheidestraße,3005,5.18,1.39,7.05,19.5,0.65,-0.31,1.71,6.48
12302108,Märkisches Zentrum,13526,12.17,4.17,27.45,65.42,-0.65,0.15,-0.24,-1.53
12302109,Treuenbrietzener Straße,11183,13.36,4.2,34.66,67.71,-1.52,-0.23,0.49,-0.93
12302110,Dannenwalder Weg,9957,12.84,4.3,31,61.69,0.52,0.77,1.61,1.06
12302211,Lübarser Straße,3280,6.65,2.35,7.07,14.61,-0.61,0.15,0.3,-3.06
12302212,Rollbergesiedlung,5472,11.74,3.45,30.65,64.33,-0.45,0.45,3.87,8.24
12304313,Borsigwalde,6452,7.45,2.42,11.35,29.18,-1.17,-0.61,-0.16,4.1
12304314,Ziekowstraße/Freie Scholle,9679,5.78,1.63,7.49,18.2,-1.05,-0.58,0.07,-0.98
